,"nfeatures","nmatches","ngoodmatches","reproj_error","ex_time"
0,1762,1762,1762,0,"1,5457310677"
0,1762,1762,17,0,"0,8343980312"
0,1761,1761,14,"0,9990158081","0,9178578854"
0,1736,1736,14,"0,6705365181","7,2935628891"
0,1756,1756,14,0,"7,3926968575"
0,1801,1801,15,0,"0,857475996"
0,1779,1779,15,0,"0,8283479214"
0,1801,1801,15,"0,0594266256","0,9547960758"
0,1894,1894,17,"0,1740426381","0,8676199913"
0,1854,1854,15,"1,0003836496","0,853025198"
0,1851,1851,14,"0,1271911349","3,2011868954"
0,1826,1826,16,"0,5913505554","0,9339330196"
0,1807,1807,15,"0,9881864028","0,9553620815"
0,1801,1801,15,"0,5340328217","0,8262181282"
0,1843,1843,15,"0,506757609","0,9380469322"
0,1812,1812,15,"0,6128056844","0,9026930332"
0,1792,1792,14,0,"0,9232320786"
0,1757,1757,15,"0,8208559354","0,9470279217"
0,1850,1850,14,0,"2,3674058914"
0,1767,1767,14,"1,9709261114","1,5991001129"
0,1745,1745,15,0,"0,8077130318"
0,1748,1748,15,"0,4675575256","0,8164699078"
0,1787,1787,15,"0,6041090224","0,8147380352"
0,1765,1765,14,0,"4,0180449486"
0,1755,1755,16,0,"0,7853329182"
0,1719,1719,14,0,"1,5520679951"
0,1724,1724,17,0,"0,7566030025"
0,1687,1687,14,0,"0,7613990307"
0,1728,1728,14,0,"2,1274578571"
0,1665,1665,14,0,"12,1205060482"
0,1666,1666,14,0,"0,7651309967"
0,1660,1660,16,0,"0,7745838165"
0,1771,1771,4,0,"0,3520240784"
0,789,789,14,"1,7776743571","0,3823900223"
0,809,809,15,"2,5526035015","0,3801078796"
0,853,853,15,0,"0,3882958889"
0,852,852,13,"1,6150639852","0,4544620514"
0,836,836,13,"29,9288787842","10,3717260361"
0,1135,1135,14,"1,6660107204","0,9089169502"
0,1094,1094,15,0,"0,4733598232"
0,1116,1116,15,"0,8749972752","0,4958930016"
0,1105,1105,0,"0,8749972752","0,3610818386"
0,1220,1220,14,0,"11,8095788956"
0,1212,1212,14,"1,3717169762","0,5311949253"
0,1223,1223,14,"1,1512449265","0,599752903"
0,1187,1187,6,"1,1512449265","0,3108439445"
0,844,844,13,"5,8730351375","0,3607759476"
0,842,842,14,"3,07056427","0,7745368481"
0,861,861,15,"3,208306746","0,4071691036"
0,830,830,13,"3,2869851249","0,3552641869"
0,845,845,3,"3,2869851249","0,3645739555"
0,1499,1499,15,"4,1077728271","0,6697130203"
0,1446,1446,14,0,"3,9060590267"
0,1468,1468,14,0,"0,6005511284"
0,1421,1421,2,0,"0,5620551109"
0,2068,2068,14,"5,2952754974","1,0298027992"
0,2012,2012,15,0,"0,8956720829"
0,2036,2036,14,0,"1,9727408886"
0,2357,2357,15,0,"1,1343388557"
0,2323,2323,2,0,"0,7716670036"
0,2280,2280,13,"2,3509614733","3,3030190468"
0,2240,2240,13,"8,1146240234","0,8646588326"
0,2228,2228,12,"0,3888435364","0,8208498955"
0,2254,2254,12,"0,5970790863","0,8513879776"
0,2178,2178,11,"26,7999801636","0,7475919724"
0,2111,2111,12,"1,4169785182","0,9106359482"
0,2115,2115,12,"0,2319766998","0,8143489361"
0,2115,2115,11,"0,6391143799","0,7966759205"
0,2076,2076,0,"0,6391143799","0,6035199165"
0,1555,1555,14,0,"0,9166409969"
0,1569,1569,13,"0,471113205","0,7637739182"
0,1593,1593,13,"0,7213233948","10,47645998"
0,1605,1605,16,"0,5128338337","0,6720290184"
0,1650,1650,0,"0,5128338337","0,235049963"
0,299,299,13,0,"0,2523999214"
0,321,321,12,0,"0,2330849171"
0,301,301,13,"3,0610408783","0,8526780605"
0,300,300,2,"3,0610408783","0,208356142"
0,40,40,8,0,"0,2092690468"
0,35,35,10,0,"0,2123968601"
0,38,38,7,0,"0,1888611317"
0,31,31,8,"0,166683742","0,1963410378"
0,38,38,0,"0,166683742","0,1822037697"
0,37,37,10,"0,480082194","0,2027649879"
0,39,39,11,"0,4226806641","0,212138176"
0,38,38,9,"0,3207893372","0,2268209457"
0,44,44,10,0,"0,2059559822"
0,37,37,0,0,"0,2162129879"
0,551,551,13,"0,2590942383","0,2992610931"
0,541,541,13,"0,0111728244","1,4315490723"
0,548,548,15,"1,1760686239","0,3156940937"
0,569,569,15,"1,2531845093","0,4121060371"
0,511,511,6,"1,2531845093","0,4566230774"
0,918,918,14,"2,0277468363","2,8987989426"
0,902,902,13,"1,6160486395","0,5033240318"
0,1961,1961,1961,0,"1,483494997"
0,1961,1961,17,"0,8572108929","0,9283750057"
0,1954,1954,14,"1,1631902059","2,6427240372"
0,1930,1930,14,"0,9030618668","3,5571551323"
0,1847,1847,15,"0,8425687154","0,9687709808"
0,1931,1931,15,"0,805961132","0,9607729912"
0,1931,1931,14,"0,2015228271","0,9578709602"
0,1941,1941,15,"0,3396997452","0,9238128662"
0,1850,1850,15,"0,3546544393","5,942278862"
0,1934,1934,15,"0,0972900391","0,9939770699"
0,1936,1936,15,"0,4804475572","0,9646778107"
0,1885,1885,15,"0,1266703606","0,9556219578"
0,1860,1860,16,"0,6989123027","0,9615449905"
0,1888,1888,15,"0,6735954285","1,0301630497"
0,1866,1866,15,"1,6991202037","0,9697999954"
0,1875,1875,14,"0,1897541193","0,9299790859"
0,1849,1849,15,0,"0,9399888515"
0,1882,1882,14,"1,1136234147","5,918900013"
0,1844,1844,15,"1,0070142746","0,9260299206"
0,1890,1890,15,"0,8248485218","0,9169130325"
0,1855,1855,15,"3,4180049896","0,9042048454"
0,1836,1836,15,"0,7549235026","0,8803310394"
0,1827,1827,15,"1,9446005821","0,8853139877"
0,1884,1884,15,"1,8142903646","1,2678580284"
0,1841,1841,15,"1,5279379951","0,903126955"
0,1858,1858,17,"1,3431591988","0,8921148777"
0,1877,1877,15,"1,7513208389","0,9428460598"
0,1860,1860,14,0,"13,4098360538"
0,1836,1836,14,"1,1993623461","1,9478728771"
0,1837,1837,15,"1,1523001989","0,856055975"
0,1814,1814,14,"3,6311049028","3,5342302322"
0,1856,1856,15,"1,281972445","0,9130311012"
0,1825,1825,14,"1,5875148773","4,8585090637"
0,1817,1817,16,"1,3496954176","0,8495240211"
0,1850,1850,10,"67,0610961914","0,5607018471"
0,1635,1635,14,"1,1103766305","2,4928939342"
0,1698,1698,14,"2,389906311","0,8314819336"
0,1669,1669,15,"1,1175613403","0,821518898"
0,1615,1615,2,"1,1175613403","0,5826320648"
0,1775,1775,15,0,"0,9186160564"
0,1821,1821,14,"0,2376873493","0,934196949"
0,1805,1805,13,"0,2442915175","0,9270980358"
0,1798,1798,15,"0,668217659","0,9257001877"
0,1793,1793,11,0,"0,6395459175"
0,1801,1801,14,"1,5789192745","0,9584538937"
0,1853,1853,14,"1,4170161656","1,2581009865"
0,1829,1829,14,"1,6586322784","0,8697109222"
0,1815,1815,13,"0,9343719482","1,7580800056"
0,1738,1738,3,"0,9343719482","0,6162600517"
0,2058,2058,15,"2,1393726349","1,0670850277"
0,2110,2110,16,"1,6567160866","1,1226451397"
0,2112,2112,15,"1,5621760975","1,0347270966"
0,2043,2043,14,"1,9318091075","14,4014627934"
0,2087,2087,3,"1,9318091075","0,8897430897"
0,2868,2868,16,0,"1,6785049438"
0,2923,2923,15,0,"1,7958440781"
0,2941,2941,15,"0,6928240458","2,0894999504"
0,2941,2941,2,"0,6928240458","1,2671189308"
0,3434,3434,15,"0,4770678007","2,2703700066"
0,3472,3472,14,"0,7163148608","2,4434759617"
0,3473,3473,15,"1,5810985565","2,2658770084"
0,3450,3450,15,"1,1604552587","2,2697620392"
0,3481,3481,2,"1,1604552587","1,4725911617"
0,3310,3310,15,"0,3556785583","2,0647201538"
0,3295,3295,16,0,"2,1053040028"
0,3271,3271,16,0,"2,1577661037"
0,3292,3292,15,"1,0385105133","2,1970210075"
0,3285,3285,3,"1,0385105133","1,4562928677"
0,2575,2575,14,0,"3,6870498657"
0,2545,2545,14,"2,1665534973","3,50649786"
0,2570,2570,14,"1,9537811279","1,5570580959"
0,2551,2551,13,0,"1,4904801846"
0,2018,2018,14,0,"0,9967858791"
0,2034,2034,14,0,"1,2064108849"
0,2064,2064,16,"0,1795406342","1,1085088253"
0,2058,2058,15,"0,5926926931","1,3313241005"
0,2073,2073,4,"0,5926926931","0,8972680569"
0,2972,2972,18,"3,0205886841","1,7507309914"
0,2988,2988,16,0,"1,8625240326"
0,2972,2972,16,0,"1,8389189243"
0,3025,3025,17,0,"1,7739260197"
0,2995,2995,2,0,"1,070389986"
0,2553,2553,16,0,"1,7231740952"
0,2613,2613,16,"2,8479316711","1,4837870598"
0,2607,2607,15,0,"1,5574810505"
0,2627,2627,15,0,"1,5026490688"
0,2605,2605,1,0,"0,7877411842"
0,2078,2078,14,"2,0570747852","1,199917078"
0,2104,2104,15,"2,073299408","1,023717165"
0,2094,2094,14,"1,7830746969","1,2184429169"
0,2126,2126,2,"1,7830746969","0,3954708576"
0,805,805,14,"2,2394714355","0,3969888687"
0,749,749,15,"2,4653016871","0,3922111988"
0,755,755,13,"2,8297920227","1,2188298702"
0,1345,1345,1345,"5,93753961416391E-07","129,391174078"
0,1345,1345,16,"0,2382736206","0,5881929398"
0,1320,1320,16,"0,3395996094","0,6201519966"
0,1344,1344,14,0,"0,5474431515"
0,1273,1273,14,"1,5760062081","1,0784721375"
0,1278,1278,14,"1,9486285618","0,5732159615"
0,1320,1320,14,0,"0,5590369701"
0,1307,1307,15,"1,0793848674","0,5654318333"
0,1306,1306,14,"0,4860034519","0,5403780937"
0,1263,1263,13,"1,3307377208","0,6572139263"
0,1278,1278,14,"1,5854360407","0,580889225"
0,1285,1285,14,0,"1,6806530952"
0,1291,1291,14,"1,134047917","0,5293040276"
0,1275,1275,13,0,"0,5311231613"
0,1274,1274,13,"1,1251396179","5,8762140274"
0,1256,1256,16,"1,7231330474","0,5499370098"
0,1262,1262,14,0,"0,5103309155"
0,1216,1216,14,"1,7680162702","0,5507729053"
0,1237,1237,13,"1,4697542191","1,1062200069"
0,1232,1232,15,"2,3877995809","0,491547823"
0,1215,1215,16,"1,4635631016","0,528881073"
0,1218,1218,14,"1,1296042034","0,5164661407"
0,1214,1214,15,"1,8374413384","0,5323531628"
0,1207,1207,15,"1,969247818","1,4152801037"
0,1185,1185,2,"1,969247818","0,4661979675"
0,1810,1810,15,0,"7,0799598694"
0,1826,1826,14,0,"0,7742331028"
0,1843,1843,14,"0,045902888","2,3771879673"
0,1838,1838,14,0,"0,83456707"
0,1769,1769,16,"0,9785718918","0,8361160755"
0,1759,1759,13,0,"1,0955221653"
0,1815,1815,15,"1,4254670577","0,9000627995"
0,1814,1814,14,"0,3616507394","0,847329855"
0,1817,1817,15,"0,3094734779","0,8003611565"
0,1783,1783,9,0,"0,6184160709"
0,1965,1965,16,0,"0,9327139854"
0,1929,1929,15,0,"0,9188868999"
0,1970,1970,14,0,"0,997178793"
0,1907,1907,13,0,"2,1513488293"
0,1864,1864,11,"445,6374628544","0,6627750397"
0,2060,2060,15,"1,3414764404","1,0323109627"
0,2072,2072,15,0,"1,001748085"
0,2104,2104,16,"1,4126011985","0,9731500149"
0,2062,2062,6,"1,4126011985","0,7205250263"
0,2320,2320,15,"1,3123138428","1,1487369537"
0,2293,2293,15,0,"1,1503858566"
0,2316,2316,16,"1,7751776955","1,1632289886"
0,2322,2322,15,"1,0012016296","1,1521110535"
0,2296,2296,7,"1,0012016296","0,675481081"
0,1899,1899,14,0,"1,5874328613"
0,1958,1958,15,0,"0,8523979187"
0,1959,1959,14,"2,62586689","1,004625082"
0,1908,1908,15,"2,4309242249","0,883769989"
0,1940,1940,2,"2,4309242249","0,6872301102"
0,2198,2198,17,"1,8344418582","11,149900198"
0,2254,2254,15,"3,2401909461","1,0951058865"
0,2213,2213,14,0,"4,3256208897"
0,2230,2230,15,0,"7,3796000481"
0,2193,2193,1,0,"0,5158979893"
0,1322,1322,14,"2,0360418955","11,6724948883"
0,1368,1368,14,"1,7569452922","0,669367075"
0,1347,1347,14,0,"1,4174489975"
0,1349,1349,14,0,"0,5763111115"
0,1339,1339,13,"135,9162585919","0,4874269962"
0,1050,1050,13,"4,4188098907","6,653208971"
0,993,993,14,"2,6703643799","0,4033329487"
0,989,989,13,"2,6826705933","0,405687809"
0,970,970,2,"2,6826705933","0,3903000355"
0,1268,1268,14,"0,2166862488","1,2813820839"
0,1257,1257,14,"0,0305857658","0,7442598343"
0,1224,1224,14,"1,697908674","0,5511500835"
0,1208,1208,13,0,"0,7215690613"
0,1240,1240,12,0,"0,4912931919"
0,1227,1227,13,0,"0,6372411251"
0,1210,1210,13,"0,0226745605","1,8681120872"
0,1232,1232,14,"0,2319218318","3,4652149677"
0,1278,1278,14,"0,1625061035","11,626650095"
0,1266,1266,15,"0,0891830444","0,8356461525"
0,1260,1260,15,"0,2097202029","0,559543848"
0,1262,1262,15,"1,2891836166","0,5526509285"
0,1309,1309,14,"1,0835200718","0,5649709702"
0,1285,1285,13,"2,2957420349","5,9839289188"
0,1279,1279,14,0,"0,67821908"
0,1335,1335,13,"2,6693301568","10,5395920277"
0,1295,1295,14,"0,5253118787","0,5875961781"
0,1268,1268,14,"0,7957700094","3,2487211227"
0,1298,1298,14,0,"2,37332201"
0,1319,1319,14,"2,5540542603","1,250333786"
0,1292,1292,13,"1,7568343236","1,615363121"
0,1295,1295,15,0,"0,5619111061"
0,1302,1302,13,"1,2916683197","1,6159598827"
0,1292,1292,15,"1,2022380829","0,5604240894"
0,1257,1257,15,"2,002796936","0,5487649441"
0,1308,1308,13,0,"4,4742240906"
0,1275,1275,14,"1,9041023254","5,1528329849"
0,1269,1269,14,0,"0,5428328514"
0,1318,1318,13,0,"3,3547511101"
0,1349,1349,14,0,"2,0875270367"
0,1315,1315,15,"4,2315757751","0,5407989025"
0,1325,1325,16,0,"0,5370669365"
0,1331,1331,12,"3,4754180908","0,5436449051"
0,1337,1337,15,"3,4055337906","0,5593900681"
0,1328,1328,2,"3,4055337906","0,3382110596"
0,908,908,14,"1,2616239275","2,0734579563"
0,883,883,14,0,"0,6651010513"
0,894,894,12,0,"0,2590699196"
0,388,388,12,"0,0929389954","0,2476501465"
0,385,385,13,"0,8295886993","0,2607879639"
0,388,388,2,"0,8295886993","0,2240600586"
0,428,428,14,0,"0,2939691544"
0,426,426,12,"1,1596282959","0,2501468658"
0,431,431,12,"0,3195495605","0,2601029873"
0,481,481,5,"0,3195495605","0,2060139179"
0,230,230,12,0,"0,2236559391"
0,221,221,3,0,"0,2139589787"
0,486,486,13,"0,8009929657","0,2844970226"
0,531,531,13,"0,5089950562","0,2799949646"
0,533,533,14,"0,3653499058","0,2923781872"
0,543,543,14,"0,673625946","0,6383440495"
0,525,525,12,"1,0145988464","0,2724370956"
0,565,565,12,0,"0,2785999775"
0,562,562,14,"0,0414106581","1,4440460205"
0,622,622,2,"0,0414106581","0,2789139748"
0,909,909,15,0,"0,3783061504"
0,923,923,14,"0,8604610988","0,39874506"
0,996,996,13,"0,2250156403","3,2013969421"
0,1011,1011,13,0,"0,4255030155"
0,1055,1055,0,0,"0,4202752113"
0,1712,1712,14,0,"0,6035220623"
0,1615,1615,13,"7,1730026245","0,6339550018"
0,1569,1569,12,"7,1394313176","0,5352079868"
0,1499,1499,1,"7,1394313176","0,6729710102"
0,2569,2569,16,"1,8025637407","1,3569171429"
0,2572,2572,15,"1,5253718376","1,3390440941"
0,2538,2538,15,0,"1,3392910957"
0,2597,2597,15,"1,5387684504","1,4466719627"
0,2555,2555,11,0,"0,9200289249"
0,2483,2483,16,"1,6101349592","1,3005590439"
0,2477,2477,14,0,"1,3346209526"
0,2510,2510,14,"2,4459915161","3,4077298641"
0,2538,2538,16,0,"1,3272390366"
0,2478,2478,13,"37,4266787442","1,3921439648"
0,2380,2380,15,0,"1,1937050819"
0,2396,2396,15,0,"1,214496851"
0,2376,2376,14,"2,3817082814","1,4907050133"
0,2279,2279,12,0,"0,7412331104"
0,2018,2018,15,"1,350484848","0,9642710686"
0,2074,2074,13,"1,2333765897","0,9595000744"
0,2007,2007,14,"0,7577457428","1,0257570744"
0,2046,2046,14,0,"1,3911499977"
0,2026,2026,5,0,"0,6025600433"
0,1783,1783,14,0,"1,0271270275"
0,1789,1789,14,0,"0,7807719707"
0,1788,1788,14,0,"0,819008112"
0,1820,1820,3,0,"0,5511507988"
0,1715,1715,14,0,"6,817497015"
0,1668,1668,14,0,"0,7244188786"
0,1659,1659,14,0,"0,7785019875"
0,1602,1602,15,0,"0,7093970776"
0,1613,1613,8,0,"0,3327078819"
0,665,665,15,0,"0,3148899078"
0,678,678,13,0,"0,3097081184"
0,624,624,14,"1,5745699956","0,3713970184"
0,628,628,13,"1,7945262364","10,2494111061"
0,614,614,1,"1,7945262364","0,1980350018"
0,83,83,10,0,"0,2128798962"
0,79,79,11,0,"0,2108550072"
0,79,79,11,0,"0,2143750191"
0,74,74,1,0,"0,1824831963"
0,19,19,7,0,"0,189095974"
0,25,25,8,"2,653875351","0,1964111328"
0,26,26,9,"1,9915949504","0,1971619129"
0,26,26,7,"1,9915949504","0,1900160313"
0,17,17,2,"1,9915949504","0,1802220345"
0,10,10,2,"1,9915949504","0,182721138"
0,6,6,2,"1,9915949504","0,1860609055"
0,8,8,2,"1,9915949504","0,1889801025"
0,3,3,2,"1,9915949504","0,1865808964"
0,5,5,0,"1,9915949504","0,1865839958"
0,5,5,1,"1,9915949504","0,1804511547"
0,3,3,1,"1,9915949504","0,1833379269"
0,3,3,0,"1,9915949504","0,184497118"
0,10,10,0,"1,9915949504","0,1856470108"
0,5,5,1,"1,9915949504","0,1800210476"
0,9,9,2,"1,9915949504","0,1835138798"
0,10,10,1,"1,9915949504","0,1868290901"
0,3,3,1,"1,9915949504","0,1825611591"
0,6,6,0,"1,9915949504","0,3170828819"
0,3275,3275,14,"2,6341164329","1,9624629021"
0,3288,3288,14,0,"8,5946218967"
0,3269,3269,15,"2,9497102102","1,7630500793"
0,3279,3279,3,"2,9497102102","0,7812519073"
0,1715,1715,14,"0,6408162117","0,7327568531"
0,1719,1719,13,"0,6280755997","1,5492429733"
0,1716,1716,15,"0,3341674805","11,5383319855"
0,1665,1665,14,"0,5853814345","0,7122859955"
0,1705,1705,13,"18,4356750488","3,503344059"
0,1582,1582,14,"0,8997795105","1,0823349953"
0,1571,1571,14,"1,0842070146","1,1016619205"
0,1517,1517,15,"1,5709879557","0,6493420601"
0,1603,1603,15,"1,0873725891","0,6893489361"
0,1569,1569,14,"5,0086133139","1,7884421349"
0,1747,1747,15,"0,7796669006","0,7553739548"
0,1717,1717,15,0,"0,7575349808"
0,1750,1750,15,"0,9570315043","0,7654101849"
0,1699,1699,14,"0,9346411569","11,8946578503"
0,1735,1735,13,"23,3119035201","2,1040101051"
0,1832,1832,15,"0,796875","0,8097200394"
0,1776,1776,14,"1,0603613172","2,7259149551"
0,1821,1821,15,0,"0,7823960781"
0,1783,1783,15,0,"0,8014779091"
0,1793,1793,14,"25,2750911713","0,8714990616"
0,1829,1829,14,"1,7952342987","0,8336901665"
0,1770,1770,15,"2,141519819","0,814868927"
0,1742,1742,13,"1,8975715637","1,4082608223"
0,1773,1773,14,0,"1,9461820126"
0,1718,1718,9,0,"0,5355570316"
0,1574,1574,15,"2,4722264608","0,7213110924"
0,1637,1637,13,0,"0,7005648613"
0,1644,1644,15,"1,9075784683","0,7826609612"
0,1623,1623,14,"1,5654878616","0,7133200169"
0,1619,1619,3,"1,5654878616","0,393736124"
0,1121,1121,14,"0,0968418121","6,7838151455"
0,1111,1111,13,"0,3725385666","10,2096560001"
0,1144,1144,14,"0,0719735282","2,153113842"
0,1131,1131,14,0,"0,5366001129"
0,1090,1090,1,0,"0,3713848591"
0,1285,1285,14,"3,8477052961","0,5314400196"
0,1296,1296,15,"4,5142860413","0,5138738155"
0,1245,1245,14,"2,6266908646","0,5359959602"
0,1232,1232,13,0,"0,4915819168"
0,1212,1212,1,0,"0,3915910721"
0,1356,1356,13,"2,6308931623","0,5573289394"
0,1338,1338,14,"2,6391918476","0,557489872"
0,1355,1355,14,0,"0,6219911575"
0,1382,1382,14,"3,2238888741","2,2041549683"
0,1338,1338,3,"3,2238888741","0,4723229408"
0,1731,1731,13,0,"0,8020348549"
0,1791,1791,14,"0,5945069449","0,7964539528"
0,1747,1747,14,0,"1,8767991066"
0,1770,1770,13,"0,0840315385","2,659995079"
0,1769,1769,1,"0,0840315385","0,3304879665"
0,710,710,14,"4,5730639866","0,3688058853"
0,722,722,13,"2,9072780609","0,5173361301"
0,685,685,3,"2,9072780609","0,2734279633"
0,722,722,14,"0,5754688263","0,3448140621"
0,721,721,15,"0,6661376953","0,3614909649"
0,713,713,15,"0,5182917668","0,3612370491"
0,756,756,15,"0,5675239563","0,3521990776"
0,775,775,16,"0,178955555","0,3451809883"
0,747,747,16,"0,4983596802","0,9112699032"
0,775,775,14,"0,465721954","0,3728041649"
0,758,758,15,"0,728285356","0,3430509567"
0,774,774,14,"0,5925584273","0,3494389057"
0,769,769,16,"0,7509536743","0,3899071217"
0,789,789,15,"0,945619456","0,4968280792"
0,757,757,14,"0,8895686756","0,3586881161"
0,823,823,15,0,"0,3893678188"
0,836,836,14,0,"0,4189260006"
0,877,877,14,0,"0,3779189587"
0,857,857,15,"1,0438894792","0,4054310322"
0,906,906,17,0,"0,4085280895"
0,882,882,15,"1,2745348612","0,4094591141"
0,978,978,16,"1,4561691284","0,4303591251"
0,938,938,14,"1,5126931667","0,4019908905"
0,929,929,15,"1,1020822525","0,4443171024"
0,943,943,14,"5,9932436262","0,5265898705"
0,973,973,15,"1,0019187927","0,4338531494"
0,1022,1022,15,"1,4292373657","0,4415009022"
0,1050,1050,18,"1,0739116669","0,4530091286"
0,1067,1067,15,"0,9068412781","0,4343240261"
0,1046,1046,15,"0,5787384033","0,4251999855"
0,1066,1066,14,"0,9807112558","1,163310051"
0,1097,1097,15,0,"0,468996048"
0,1086,1086,14,"1,2653645602","1,9840900898"
0,1085,1085,18,0,"0,4953780174"
0,1194,1194,14,"1,1024689674","0,5080099106"
0,1146,1146,14,"0,9694505419","0,5315160751"
0,1165,1165,14,"1,1814556122","0,4806759357"
0,1203,1203,14,"1,0077378409","0,8421788216"
0,1216,1216,14,"1,1423818415","0,7684690952"
0,1213,1213,15,"1,1804918562","0,4962649345"
0,1257,1257,15,0,"0,5463500023"
0,1255,1255,15,0,"0,5211110115"
0,1268,1268,14,"0,7481466021","5,2689068317"
0,1284,1284,14,"0,8195737203","0,5688068867"
0,1311,1311,14,"0,9249013265","0,5410590172"
0,1300,1300,15,0,"0,5521090031"
0,1311,1311,13,0,"0,4820690155"
0,1322,1322,16,"1,2233954536","0,5567948818"
0,1360,1360,14,"2,0400371552","3,9713339806"
0,1304,1304,14,"33,4024306403","0,62718606"
0,1218,1218,14,"0,5104664394","11,5659501553"
0,1184,1184,13,"0,5183102534","0,50572896"
0,1209,1209,14,0,"0,4975759983"
0,1201,1201,13,0,"0,5307331085"
0,1115,1115,15,"0,0173961094","0,4797229767"
0,1132,1132,15,"0,5407714844","0,4909780025"
0,1123,1123,14,"45,2123187383","5,5508208275"
0,1195,1195,14,"1,49955913","0,7701559067"
0,1153,1153,14,"0,0282365254","0,4965341091"
0,1157,1157,14,0,"0,6701481342"
0,1180,1180,14,"0,6002363725","11,7211260796"
0,1187,1187,13,"3,151159668","0,5875301361"
0,1205,1205,15,"0,43838174","0,5817818642"
0,1139,1139,14,0,"0,6945638657"
0,1182,1182,14,0,"0,5020771027"
0,1110,1110,13,0,"0,5878789425"
0,1157,1157,13,"30,1381699698","3,0433428288"
0,1171,1171,14,0,"0,7466549873"
0,1155,1155,14,"0,6857208676","0,9491579533"
0,1175,1175,15,"0,4506859779","0,4900300503"
0,1197,1197,15,"0,8478520711","0,4941320419"
0,1120,1120,12,"3,2361303965","0,428235054"
0,1405,1405,15,"1,5626633962","0,6335859299"
0,1401,1401,15,0,"0,5751268864"
0,1369,1369,13,0,"0,5670049191"
0,1321,1321,12,"42,7033996582","0,410228014"
0,1179,1179,14,"0,0373001099","0,8248069286"
0,1193,1193,13,0,"0,5059559345"
0,1268,1268,13,"0,4112544427","0,5502328873"
0,1243,1243,13,"0,4425723736","0,5103509426"
0,1182,1182,5,"0,4425723736","0,425401926"
0,1588,1588,16,"0,9398574829","0,7258071899"
0,1610,1610,14,"0,5205133302","0,6751542091"
0,1555,1555,14,"0,2202453613","0,7848100662"
0,1554,1554,15,"0,3623528004","0,6959269047"
0,1555,1555,9,0,"0,5535609722"
0,1872,1872,15,"0,5746070014","0,8064460754"
0,1820,1820,16,0,"0,8358960152"
0,1915,1915,14,"0,4091571172","1,4109101295"
0,1858,1858,3,"0,4091571172","0,8625679016"
0,3129,3129,14,"3,2492343903","1,7823829651"
0,3095,3095,14,"2,1258046077","2,0473730564"
0,3180,3180,15,0,"1,8856451511"
0,3180,3180,14,"2,4629099369","4,914908886"
0,3173,3173,3,"2,4629099369","1,1486940384"
0,2833,2833,15,"1,5106067657","1,5726180077"
0,2860,2860,14,"0,3385340373","3,5052211285"
0,2880,2880,14,"1,3609127469","1,766461134"
0,2851,2851,15,"0,7645905813","1,5883479118"
0,2966,2966,2,"0,7645905813","1,1037988663"
0,2861,2861,13,0,"2,9399719238"
0,2912,2912,14,"16,6898565292","1,6004879475"
0,2963,2963,15,0,"1,604265213"
0,2940,2940,7,0,"1,2002179623"
0,3201,3201,15,"4,0157241821","2,0091891289"
0,3190,3190,15,0,"1,9005198479"
0,3207,3207,15,0,"1,9550290108"
0,3243,3243,15,0,"1,9159851074"
0,3209,3209,9,"74,4945334026","1,352905035"
0,3335,3335,17,0,"2,0411100388"
0,3359,3359,16,"1,7144695691","2,101402998"
0,3357,3357,17,"2,4613907678","2,1172730923"
0,3226,3226,16,"1,7733807997","1,9363081455"
0,3185,3185,10,"78,3540107727","1,0613760948"
0,2480,2480,15,0,"1,335296154"
0,2541,2541,16,"1,3767944336","1,3494689465"
0,2522,2522,15,0,"1,2938909531"
0,2500,2500,14,"1,0956122398","4,4602179527"
0,2484,2484,9,"56,984641552","0,9856541157"
0,2828,2828,15,0,"1,5516989231"
0,2800,2800,16,0,"2,2092380524"
0,2878,2878,15,"2,8484528065","1,5755119324"
0,2833,2833,14,"1,608001709","1,6974461079"
0,2826,2826,4,"1,608001709","0,9792408943"
0,2587,2587,15,"0,5052452087","5,7078471184"
0,2677,2677,16,"0,3941209793","1,4217541218"
0,2667,2667,16,"0,2685039838","1,5483410358"
0,2674,2674,4,"0,2685039838","1,095690012"
0,3124,3124,15,"0,2828826904","1,9026238918"
0,3190,3190,15,"1,285259819","1,9543001652"
0,3202,3202,17,"0,8806745211","1,9395151138"
0,3148,3148,16,"0,5471162796","1,9345331192"
0,3156,3156,4,"0,5471162796","1,0677888393"
0,2626,2626,15,"0,1400489807","1,432259798"
0,2622,2622,16,0,"1,4693980217"
0,2726,2726,15,"0,9515972137","1,4530630112"
0,2659,2659,16,"0,9349693298","1,4489729404"
0,2710,2710,4,"0,9349693298","0,9889070988"
0,2688,2688,15,"0,9859982597","1,5008640289"
0,2761,2761,15,"0,3149889537","1,4820761681"
0,2687,2687,15,"0,4557342529","1,5012800694"
0,2731,2731,5,"0,4557342529","0,9863960743"
0,2713,2713,15,"1,2269031525","1,487637043"
0,2684,2684,15,"0,7796424866","1,5160140991"
0,2759,2759,15,"0,1921310425","1,4837498665"
0,2731,2731,15,"0,4727897644","1,5835609436"
0,2810,2810,8,"152,798605601","0,9378910065"
0,2412,2412,16,0,"1,1497290134"
0,2334,2334,14,0,"5,532501936"
0,2369,2369,16,"4,2084841728","1,2264258862"
0,2401,2401,15,"4,5594774882","1,1793580055"
0,2389,2389,12,"28,1066131592","0,8516700268"
0,2339,2339,15,"1,7342409406","1,157020092"
0,2381,2381,14,"1,4155443192","2,4911429882"
0,2310,2310,14,0,"1,1985461712"
0,2329,2329,15,"1,0986069573","1,1257221699"
0,2322,2322,9,0,"0,8836770058"
0,2601,2601,14,0,"1,9033370018"
0,2678,2678,14,"1,9523786817","1,3720378876"
0,2592,2592,15,"2,4485291072","1,3616211414"
0,2621,2621,14,"1,7722985404","2,1988110542"
0,2634,2634,5,"1,7722985404","0,8689939976"
0,2314,2314,15,"0,0642318726","1,2255060673"
0,2351,2351,14,"0,860874176","2,2351360321"
0,2353,2353,14,"0,1321190728","2,001901865"
0,2355,2355,1,"0,1321190728","1,0019791126"
0,3121,3121,15,"1,0927492778","1,9099209309"
0,3112,3112,14,0,"1,8499140739"
0,3100,3100,14,"1,0369598071","13,0969491005"
0,3130,3130,15,"0,7451141357","1,9239668846"
0,3218,3218,7,"0,7451141357","1,3827290535"
0,3505,3505,15,"1,5113207499","2,1601159573"
0,3461,3461,14,"1,8778006236","6,5638558865"
0,3499,3499,14,"1,5581239065","2,4333600998"
0,3399,3399,15,0,"2,1067738533"
0,3437,3437,4,0,"1,2507019043"
0,2936,2936,14,"1,4816274473","1,9843239784"
0,2890,2890,15,"2,0024162292","1,6394679546"
0,2905,2905,14,0,"1,7280960083"
0,2892,2892,0,0,"0,8370800018"
0,2080,2080,16,0,"1,1330161095"
0,2074,2074,14,"2,162571907","2,3360610008"
0,2090,2090,15,"2,3787136078","0,9613111019"
0,2069,2069,18,0,"0,9589719772"
0,2067,2067,4,0,"0,6924901009"
0,2155,2155,14,"2,0207851955","1,0177469254"
0,2188,2188,15,"2,6092202928","1,0608279705"
0,2162,2162,15,0,"1,0436739922"
0,2129,2129,14,"2,6742332458","2,4209849834"
0,2111,2111,1,"2,6742332458","0,5558371544"
0,1507,1507,14,0,"0,948127985"
0,1487,1487,15,"0,5582234065","0,6584758759"
0,1510,1510,14,"0,580332536","11,7406420708"
0,1492,1492,13,"0,2643186129","0,7475590706"
0,1483,1483,4,"0,2643186129","0,4199159145"
0,1293,1293,14,0,"11,3719129562"
0,1254,1254,14,"0,6395579118","0,6466720104"
0,1299,1299,15,"0,5368184176","0,5313930511"
0,1259,1259,14,"0,1782553991","0,5532000065"
0,1285,1285,4,"0,1782553991","0,3747451305"
0,1199,1199,13,0,"0,8819129467"
0,1193,1193,14,"1,1727952957","0,4953501225"
0,1172,1172,14,0,"0,6077899933"
0,1135,1135,9,0,"0,4818739891"
0,1956,1956,15,0,"0,9268660545"
0,1945,1945,15,0,"0,905766964"
0,1981,1981,15,"0,3071365356","0,9056668282"
0,1912,1912,11,0,"0,6223211288"
0,1807,1807,15,"1,0144958496","0,8431060314"
0,1770,1770,14,0,"2,1013381481"
0,1771,1771,18,"0,4536781311","0,8800199032"
0,1774,1774,14,"0,5621261597","0,8115298748"
0,1744,1744,17,"0,5506070455","0,8126649857"
0,1806,1806,15,"0,4708192613","0,8349370956"
0,1814,1814,16,"0,3183319569","0,8510169983"
0,1819,1819,14,"0,4546906607","3,3652470112"
0,1814,1814,15,0,"0,8337700367"
0,1800,1800,15,"0,4821484884","0,8455789089"
0,1784,1784,16,0,"0,8230628967"
0,1799,1799,17,"1,2741811416","0,8646390438"
0,1841,1841,14,"1,5280189514","6,9003322124"
0,1767,1767,15,"1,0113594749","0,8175010681"
0,1829,1829,15,0,"0,8230309486"
0,1791,1791,15,0,"0,7987852097"
0,1807,1807,14,"1,841551694","2,7394390106"
0,1840,1840,15,"1,648147583","0,8384070396"
0,1814,1814,14,"2,5099763137","0,8207361698"
0,1819,1819,15,"2,3221181234","0,83745718"
0,1807,1807,15,0,"0,8200180531"
0,1815,1815,14,"0,9013595581","3,0225038528"
0,1806,1806,15,0,"0,8104670048"
0,1831,1831,16,"3,9402851529","0,8690710068"
0,1827,1827,14,0,"5,794041872"
0,1769,1769,13,0,"0,9827780724"
0,1802,1802,16,0,"0,8232221603"
0,1799,1799,16,0,"0,8192820549"
0,1831,1831,14,0,"1,1416108608"
0,1794,1794,15,"1,9575271606","0,8383049965"
0,1809,1809,16,"4,0525836945","0,8077399731"
0,1848,1848,16,"1,6565378362","0,8934810162"
0,1880,1880,17,"2,0131507874","0,8615410328"
0,1818,1818,17,0,"0,8500430584"
0,1837,1837,14,"1,7524695763","3,2168879509"
0,1840,1840,15,"1,9154399525","0,8617429733"
0,1856,1856,2,"1,9154399525","0,8336880207"
0,2902,2902,14,"2,3875029882","6,2685790062"
0,2893,2893,14,"3,2359552383","1,5398600101"
0,2891,2891,16,0,"1,5690300465"
0,2944,2944,16,0,"1,6214380264"
0,2992,2992,4,0,"0,9597580433"
0,2238,2238,13,"1,7234557016","1,1483860016"
0,2209,2209,14,"0,6827255396","1,2683708668"
0,2199,2199,13,0,"5,8578259945"
0,2200,2200,13,0,"3,0374898911"
0,2140,2140,9,"150,7063557837","0,5742211342"
0,1486,1486,15,"3,0945610046","2,7888638973"
0,1447,1447,14,"1,8272946676","0,651870966"
0,1456,1456,14,"2,3863665263","0,9556879997"
0,1461,1461,5,"2,3863665263","0,3503670692"
0,870,870,15,0,"0,3840889931"
0,906,906,15,"1,181444486","0,423032999"
0,943,943,14,"1,0604400635","0,3952848911"
0,906,906,12,"0,4401926041","0,3741528988"
0,889,889,3,"0,4401926041","0,4612929821"
0,2104,2104,17,"0,3747455915","1,0315909386"
0,2091,2091,15,0,"1,0199069977"
0,2092,2092,14,"0,1498620987","1,0012321472"
0,2066,2066,13,0,"1,0324189663"
0,2081,2081,3,0,"0,90721488"
0,2923,2923,15,"0,4485273361","7,5482549667"
0,2828,2828,14,"0,2000966753","1,6118581295"
0,2944,2944,14,"1,875277383","5,3046939373"
0,2855,2855,14,"0,2839614868","1,6364409924"
0,2880,2880,2,"0,2839614868","0,8732299805"
0,2148,2148,14,0,"1,0241761208"
0,2149,2149,14,"0,3443040848","12,3440928459"
0,2072,2072,16,"0,196703136","1,0650889874"
0,2152,2152,14,0,"1,0553400517"
0,2033,2033,5,0,"0,5748109818"
0,1606,1606,14,"1,3106587728","0,6661241055"
0,1529,1529,14,"1,0553553655","0,6629908085"
0,1540,1540,14,"0,2907180786","0,6471319199"
0,1393,1393,0,"0,2907180786","0,4764039516"
0,1512,1512,15,"0,3240755399","0,6797778606"
0,1481,1481,14,"0,524225235","0,6286919117"
0,1415,1415,15,0,"0,6418938637"
0,1466,1466,14,0,"1,204210043"
0,1421,1421,3,0,"0,5672450066"
0,2070,2070,14,"0,8975645412","3,1027650833"
0,2044,2044,13,0,"3,8161580563"
0,2075,2075,14,"1,2756474359","1,1025900841"
0,2097,2097,14,"0,9812316895","1,246281147"
0,2121,2121,7,0,"0,7741310596"
0,2267,2267,15,"0,3043203354","1,158823967"
0,2291,2291,14,"0,1600765501","1,2265338898"
0,2306,2306,15,0,"1,1263301373"
0,2310,2310,14,"0,3814487457","1,7553679943"
0,2363,2363,1,"0,3814487457","0,5878229141"
0,1480,1480,14,"1,2604160309","6,3508489132"
0,1447,1447,13,"1,263458252","0,6932210922"
0,1469,1469,13,"0,9051948547","0,6069588661"
0,1469,1469,2,"0,9051948547","0,4699959755"
0,1474,1474,14,"1,1026414235","0,613850832"
0,1472,1472,13,"0,9702780797","0,6416549683"
0,1479,1479,14,"0,5916573661","0,6163060665"
0,1414,1414,15,"1,2173876444","0,6565141678"
0,1453,1453,6,"1,2173876444","0,2643060684"
0,369,369,12,"1,7090179443","0,2472970486"
0,383,383,12,"0,2270477295","0,2468409538"
0,383,383,13,"0,3868696425","0,26902318"
0,398,398,12,0,"0,2765591145"
0,379,379,10,0,"0,2341358662"
0,232,232,12,"2,2437213262","0,2386291027"
0,265,265,13,"0,6692676544","0,2629439831"
0,278,278,12,"0,2430690765","0,2514929771"
0,286,286,14,"0,4737013408","0,2529039383"
0,268,268,13,0,"0,635406971"
0,508,508,12,"0,753765583","0,276914835"
0,464,464,12,"0,6577669779","0,2722361088"
0,511,511,14,"0,5479478836","0,5519609451"
0,452,452,2,"0,5479478836","0,2174921036"
0,252,252,14,"1,7945809364","0,3812880516"
0,256,256,14,0,"0,2665119171"
0,247,247,14,0,"0,2563288212"
0,244,244,13,0,"0,2463197708"
0,250,250,10,0,"0,2351830006"
0,388,388,13,"0,6273282369","0,2654290199"
0,386,386,13,"0,9232195341","0,2815489769"
0,387,387,15,"0,9155769348","0,2924458981"
0,394,394,13,"1,2951660156","0,2834069729"
0,388,388,0,"1,2951660156","0,208493948"
0,153,153,13,"1,4516966078","0,2418088913"
0,150,150,11,"1,2809612274","0,2250549793"
0,165,165,13,0,"0,4355640411"
0,160,160,13,"0,6213989258","0,2395079136"
0,152,152,11,0,"0,2229759693"
0,195,195,13,"0,6685020447","0,2414550781"
0,187,187,12,0,"0,2208409309"
0,191,191,12,"0,1955184937","0,224640131"
0,169,169,10,"8,5682998657","0,2219359875"
0,228,228,12,0,"0,2209329605"
0,201,201,12,"0,5750732422","0,2240390778"
0,217,217,14,"1,7638075087","0,2498960495"
0,220,220,13,0,"0,8361778259"
0,223,223,12,"9,4334869385","0,2258770466"
0,222,222,13,"2,5518969022","3,470402956"
0,217,217,13,"0,9249842167","0,2454941273"
0,220,220,12,"5,3544971943","0,2280979156"
0,224,224,11,"0,4557800293","0,2317421436"
0,245,245,11,0,"0,2291769981"
0,230,230,12,0,"0,2243480682"
0,230,230,14,"0,0011803763","0,2478101254"
0,225,225,13,"0,9357613458","0,2513420582"
0,248,248,14,"0,0732658386","0,2462570667"
0,209,209,13,0,"4,4080889225"
0,215,215,13,"2,3575195313","0,2458128929"
0,199,199,12,"1,2257355452","0,2245440483"
0,198,198,12,"1,2271011353","0,2215750217"
0,218,218,9,0,"0,2231898308"
0,188,188,11,0,"0,2252728939"
0,193,193,12,"1,8046264648","0,2265439034"
0,172,172,12,"1,2766891479","0,2259640694"
0,193,193,13,"1,885974884","0,2394480705"
0,185,185,10,"39,0375366211","0,2234399319"
0,244,244,12,"0,9636692047","0,2296049595"
0,244,244,13,"2,9592189789","0,371021986"
0,226,226,12,0,"0,2273621559"
0,240,240,12,"1,770810763","0,2266490459"
0,212,212,10,"24,3772563934","0,2237808704"
0,271,271,13,"0,0017478943","0,5315799713"
0,288,288,13,0,"0,2448868752"
0,262,262,12,"0,6331443787","0,2368381023"
0,305,305,10,"56,1419219971","0,230050087"
0,273,273,11,"5,6326245395","0,2295398712"
0,266,266,12,"2,6379934038","0,2358379364"
0,290,290,12,0,"0,2380940914"
0,284,284,14,"2,2097759247","0,2727680206"
0,311,311,7,"2,2097759247","0,2083230019"
0,139,139,12,"1,8643321991","0,220541954"
0,163,163,12,0,"0,2163290977"
0,140,140,11,"1,6770474694","0,2148959637"
0,137,137,10,0,"0,2237398624"
0,127,127,0,0,"0,1963539124"
0,148,148,12,"3,2963129679","0,2157440186"
0,129,129,11,"0,0199754503","0,2152290344"
0,124,124,11,0,"0,2163481712"
0,132,132,12,"4,297052304","0,2152588367"
0,119,119,10,0,"0,2295160294"
0,109,109,11,"0,4548950195","0,2176971436"
0,97,97,9,0,"0,2136750221"
0,100,100,10,"1,3419456482","0,2124330997"
0,100,100,9,"6,1206410726","0,2066159248"
0,89,89,12,"1,1792640686","0,2098999023"
0,70,70,10,"0,7198814392","0,212501049"
0,77,77,11,"1,2473408092","0,2120039463"
0,69,69,11,"1,3531237516","0,2123229504"
0,77,77,7,"1,3531237516","0,1909029484"
0,67,67,9,"0,9289646149","0,2043709755"
0,55,55,7,"0,9289646149","0,2089428902"
0,65,65,9,"1,350112915","0,1997728348"
0,65,65,5,"1,350112915","0,1930170059"
0,51,51,9,"0,3664093018","0,2018759251"
0,50,50,9,"0,2977352142","0,2048659325"
0,58,58,10,"2,1561882019","0,2031199932"
0,48,48,9,"2,1313574049","0,2112579346"
0,53,53,8,0,"0,1982469559"
0,59,59,11,0,"0,2053511143"
0,59,59,11,"2,5491339944","0,2085700035"
0,53,53,10,"3,7193403244","0,2045230865"
0,51,51,6,"3,7193403244","0,1934170723"
0,66,66,10,"1,3957392375","0,2087600231"
0,73,73,10,"0,7726427714","0,2165470123"
0,74,74,9,"0,9039793015","0,2165338993"
0,74,74,10,"2,1152627128","0,2115628719"
0,76,76,8,"63,6879959106","0,2017149925"
0,69,69,9,"6,1938518948","0,1992278099"
0,64,64,10,"0,6652982235","0,2011201382"
0,59,59,9,"2,6421394348","0,2003569603"
0,61,61,11,"3,1841757638","0,2020990849"
0,58,58,10,0,"0,2030520439"
0,84,84,12,0,"0,2147090435"
0,105,105,9,"4,3857617378","0,2099421024"
0,93,93,10,"1,7081683159","0,2116148472"
0,90,90,8,"1,8102940151","0,2115809917"
0,91,91,10,0,"0,2127358913"
0,132,132,12,"0,5146013896","0,216588974"
0,124,124,12,0,"0,2172260284"
0,128,128,12,0,"0,2184178829"
0,142,142,12,0,"0,2204360962"
0,164,164,12,"1,4606946309","0,2190449238"
0,194,194,13,"3,3251406596","0,2409801483"
0,185,185,13,"1,4488932292","0,2400901318"
0,182,182,12,"0,1789875031","0,2218630314"
0,193,193,13,0,"0,3201551437"
0,271,271,14,"1,7423400879","3,0646531582"
0,276,276,13,0,"0,2584409714"
0,270,270,14,0,"0,2529978752"
0,306,306,12,"1,1581695557","0,2374899387"
0,312,312,13,0,"0,2755339146"
0,474,474,13,"2,2662440709","0,2778749466"
0,487,487,14,"1,6226874457","0,2945098877"
0,496,496,13,"2,702808698","0,2846198082"
0,494,494,11,"38,5741710663","0,2685101032"
0,587,587,13,"1,7137929476","0,2894890308"
0,563,563,13,"1,8593569669","0,3046638966"
0,649,649,14,"2,4951027764","0,3067600727"
0,587,587,14,"1,5966469901","0,7552220821"
0,662,662,13,0,"2,2893109322"
0,852,852,14,"1,584337507","0,4670848846"
0,906,906,13,"2,7486724854","0,6129281521"
0,914,914,12,"1,3562586648","0,3606731892"
0,934,934,13,"2,8290956285","1,744686842"
0,945,945,11,0,"0,3840410709"
0,1177,1177,14,"1,7987218499","0,451406002"
0,1174,1174,14,"1,1118022374","0,4747040272"
0,1179,1179,13,"0,5214920044","0,441231966"
0,1154,1154,13,0,"3,7003259659"
0,1201,1201,12,"54,2571006775","0,408495903"
0,1199,1199,14,"3,2705806385","0,4624500275"
0,1235,1235,15,"4,9391959264","0,5949919224"
0,1175,1175,13,"1,4672464643","0,448319912"
0,1157,1157,12,"8,4460372925","0,4063580036"
0,1210,1210,12,0,"0,4399249554"
0,1224,1224,13,"1,0836486816","0,448294878"
0,1174,1174,13,0,"0,4503390789"
0,1219,1219,12,0,"0,4443910122"
0,1238,1238,8,"32,1294195993","0,3762009144"
0,891,891,13,"4,8835258484","0,3697500229"
0,855,855,13,"1,6699951172","0,3590250015"
0,896,896,13,"3,6596372778","0,3553180695"
0,872,872,12,0,"0,344440937"
0,910,910,11,"40,5452049255","0,3578381538"
0,1128,1128,13,"5,3676433563","0,4578881264"
0,1197,1197,12,"1,4707157135","0,4319908619"
0,1190,1190,12,0,"0,4259569645"
0,1197,1197,10,0,"0,4235918522"
0,1370,1370,13,"0,5368556976","0,548730135"
0,1477,1477,12,"1,2829158956","0,5033290386"
0,1384,1384,12,"1,248052597","0,4837419987"
0,1380,1380,13,"0,5547298855","0,859224081"
0,1362,1362,13,"65,9506874084","10,0300090313"
0,842,842,13,"2,1134490967","0,3557550907"
0,885,885,12,0,"0,3473110199"
0,879,879,12,0,"0,3408868313"
0,876,876,12,"2,5509242217","0,3499090672"
0,911,911,8,"191,6829353333","0,339017868"
0,1110,1110,13,"0,5005172729","0,4293949604"
0,1056,1056,15,"0,2599395752","0,4355227947"
0,1082,1082,13,0,"0,5371930599"
0,1075,1075,13,"0,4982028374","1,1718509197"
0,1044,1044,10,"10,2772903442","0,3223171234"
0,742,742,13,"1,4498100281","0,3174479008"
0,696,696,13,"1,4653892517","0,3199648857"
0,697,697,15,0,"0,3581709862"
0,664,664,9,0,"0,2845489979"
0,710,710,12,"0,4160915375","0,3020341396"
0,730,730,12,"1,0331511497","0,3041391373"
0,707,707,13,"0,9978942871","0,3193328381"
0,696,696,15,"0,0676304953","0,3332290649"
0,721,721,12,0,"0,3529469967"
0,1145,1145,13,"1,7117832729","0,4547271729"
0,1182,1182,12,"0,4308481216","0,4266479015"
0,1149,1149,13,0,"0,4368181229"
0,1172,1172,11,"61,4069213867","0,3806929588"
0,1047,1047,14,"0,3347320557","0,4747719765"
0,985,985,12,0,"0,3671190739"
0,971,971,14,"4,9564718519","0,4131219387"
0,1008,1008,14,"0,4746178521","1,7869617939"
0,1021,1021,1,"0,4746178521","0,2683119774"
0,526,526,11,"0,8203659058","0,2716648579"
0,522,522,12,"0,5048684014","0,26679492"
0,506,506,12,"0,5239826838","0,2704339027"
0,522,522,11,"1,8490101207","0,270991087"
0,546,546,11,"5,5416660309","0,2857048512"
0,754,754,13,0,"0,5162270069"
0,720,720,13,"0,3304109573","0,507434845"
0,704,704,13,"0,0461034775","5,3220441341"
0,675,675,13,"0,0042292277","0,3458750248"
0,670,670,11,0,"0,2362349033"
0,286,286,11,"1,0767534044","0,2366080284"
0,332,332,12,"1,0761610667","0,2348442078"
0,287,287,11,"2,366461277","0,237498045"
0,307,307,11,"6,1206897389","0,2353420258"
0,307,307,11,0,"0,2661340237"
0,731,731,12,0,"0,3106520176"
0,801,801,13,"2,2986869812","0,7898480892"
0,787,787,12,"1,9513635635","0,3207819462"
0,814,814,12,"5,0791362127","0,3275470734"
0,927,927,12,"1,3810367584","0,3484799862"
0,873,873,11,"1,0701471965","0,3468699455"
0,898,898,12,"2,9889354706","0,3332519531"
0,824,824,11,"1,9594181606","0,3298239708"
0,853,853,12,0,"0,3446240425"
0,1048,1048,13,"1,6813964844","0,6077950001"
0,1053,1053,12,"1,3249791463","0,4021220207"
0,1067,1067,13,"2,3186378479","0,4215288162"
0,1064,1064,13,"1,0814986596","0,4679470062"
0,1155,1155,10,0,"0,5270929337"
0,2074,2074,13,"1,886883809","0,9032840729"
0,2124,2124,13,"0,7213055611","1,2267100811"
0,2039,2039,13,"1,8300247192","0,952890873"
0,2086,2086,11,0,"0,7376849651"
0,2131,2131,13,"1,3110778809","1,1190531254"
0,2168,2168,13,"1,3684095655","1,8261489868"
0,2116,2116,14,"1,0640220642","0,8889660835"
0,2113,2113,14,"0,8280299505","2,7066478729"
0,2082,2082,11,"71,2624632517","0,8152899742"
0,2507,2507,13,0,"1,1245510578"
0,2507,2507,14,"0,0307151079","3,6158459187"
0,2504,2504,13,0,"1,1264967918"
0,2493,2493,14,"0,0010375977","1,1144809723"
0,2505,2505,13,0,"1,0021359921"
0,2488,2488,16,"0,6329515245","1,1319630146"
0,2416,2416,14,"0,1671905518","1,3312180042"
0,2466,2466,13,"0,7539105415","11,2656450272"
0,2462,2462,14,"0,2020060221","1,4511790276"
0,2445,2445,11,"49,0078031367","0,9444811344"
0,2676,2676,12,"1,7002971967","1,2015910149"
0,2641,2641,13,0,"1,76781106"
0,2690,2690,14,"2,9127859116","1,2936708927"
0,2717,2717,13,"1,9278747559","2,1404960155"
0,2706,2706,11,0,"1,1159000397"
0,2869,2869,15,"1,4656851632","1,4513149261"
0,2902,2902,13,"2,1309655996","11,4227678776"
0,2833,2833,15,"2,3688735962","1,426910162"
0,2974,2974,14,"2,4803880964","1,4965629578"
0,2884,2884,6,"2,4803880964","1,0722270012"
0,2729,2729,13,0,"1,6777970791"
0,2810,2810,13,0,"1,418872118"
0,2857,2857,15,"2,3772575378","1,4384357929"
0,2851,2851,14,"2,3769730462","2,9400730133"
0,2779,2779,4,"2,3769730462","0,833468914"
0,2062,2062,13,"0,5044784546","1,7039899826"
0,2002,2002,14,"1,0381469727","2,190474987"
0,2089,2089,14,"1,4200795492","7,8372089863"
0,2020,2020,13,0,"0,9312369823"
0,2018,2018,8,"28,9364837646","0,6071059704"
0,1717,1717,12,"0,1625843048","0,6692957878"
0,1716,1716,14,0,"0,7050859928"
0,1683,1683,12,0,"0,6752490997"
0,1749,1749,5,0,"0,7506828308"
0,2673,2673,14,"1,0102539063","1,3194849491"
0,2664,2664,13,"4,3665332794","1,3461151123"
0,2709,2709,15,0,"1,4307639599"
0,2755,2755,4,0,"0,7164161205"
0,1711,1711,13,"1,9039271428","0,9985468388"
0,1727,1727,14,0,"0,7239840031"
0,1704,1704,14,0,"1,2745261192"
0,1711,1711,13,"3,7272485586","0,7033479214"
0,1679,1679,10,"18,4557876587","0,5581450462"
0,1710,1710,13,0,"0,6969900131"
0,1703,1703,13,"0,7320168235","1,612210989"
0,1732,1732,14,0,"0,8455328941"
0,1750,1750,13,"0,6926809947","1,0894770622"
0,1805,1805,0,"0,6926809947","0,321988821"
0,592,592,13,"0,0449086703","0,3085169792"
0,601,601,13,"0,6100529757","1,7441151142"
0,602,602,11,"0,4088172913","0,2841310501"
0,594,594,4,"0,4088172913","0,2520780563"
0,575,575,12,0,"0,2763860226"
0,566,566,12,"0,1295146942","0,2840321064"
0,573,573,12,"0,612411499","0,2775080204"
0,589,589,13,0,"0,2930400372"
0,550,550,2,0,"0,3074631691"
0,1204,1204,11,"8,0680698048","0,4180970192"
0,1204,1204,12,"0,5590156555","0,412760973"
0,1187,1187,13,"3,1982727051","0,4389109612"
0,1218,1218,13,"3,019166773","0,5387580395"
0,1189,1189,8,0,"0,3981189728"
0,1191,1191,12,"1,5156767368","0,4002029896"
0,1102,1102,13,"2,350974303","0,4243421555"
0,1147,1147,13,"0,2329654694","0,443759203"
0,1125,1125,2,"0,2329654694","0,3368630409"
0,944,944,14,"2,8981081645","0,3704910278"
0,972,972,11,"2,632322138","0,3515648842"
0,946,946,11,"0,9275782903","0,3459777832"
0,920,920,2,"0,9275782903","0,3253428936"
0,983,983,13,0,"0,3790869713"
0,953,953,13,0,"10,2984058857"
0,917,917,12,"0,8407335281","0,345487833"
0,896,896,12,0,"0,3477540016"
0,945,945,3,0,"0,3622570038"
0,1291,1291,13,"2,4223106702","0,4943039417"
0,1320,1320,12,"1,5024972829","0,4689500332"
0,1350,1350,14,"2,9454868862","1,0713889599"
0,1360,1360,12,0,"0,4973289967"
0,1419,1419,6,0,"0,4597170353"
0,1468,1468,12,"0,5028912226","0,5212478638"
0,1489,1489,13,0,"9,115085125"
0,1536,1536,12,"1,2931308746","0,5221309662"
0,1504,1504,13,"1,5136108398","0,6604390144"
0,1505,1505,13,"45,8342318101","1,0478260517"
0,1676,1676,13,"2,205028754","0,646337986"
0,1732,1732,13,"1,7502143566","0,6495261192"
0,1715,1715,12,"1,3496646881","0,6175060272"
0,1735,1735,12,0,"0,6592950821"
0,2132,2132,13,0,"0,8819890022"
0,2159,2159,13,"12,015712844","0,9643230438"
0,2163,2163,13,"2,4144136255","2,5137009621"
0,2163,2163,10,0,"0,7185108662"
0,2027,2027,12,0,"0,8202819824"
0,2130,2130,13,"0,9996870889","2,3740441799"
0,2038,2038,13,"5,5566947243","0,7988979816"
0,2065,2065,13,"1,3311756134","1,3085050583"
0,2020,2020,10,0,"0,6635091305"
0,1972,1972,13,"3,0730237094","0,8543281555"
0,1955,1955,13,"2,3116095407","2,7954421043"
0,1999,1999,13,"2,4019851685","0,7918930054"
0,1941,1941,12,0,"0,7064199448"
0,1872,1872,1,0,"0,3033659458"
0,545,545,13,"1,7295701769","0,2739639282"
0,536,536,11,"1,8638916016","0,2545268536"
0,515,515,13,"0,588117218","5,4978821278"
0,505,505,12,"2,0554016113","0,2596142292"
0,508,508,0,"2,0554016113","0,2218270302"
0,333,333,13,"0,9405441284","0,2548201084"
0,309,309,12,"0,9867675088","0,2597088814"
0,350,350,14,"0,45754083","0,2545440197"
0,327,327,1,"0,45754083","0,2138988972"
0,379,379,13,"0,7743981679","0,2584979534"
0,376,376,12,0,"0,2394340038"
0,375,375,15,0,"0,2804079056"
0,397,397,11,0,"0,240511179"
0,534,534,12,"0,2363095965","0,2649579048"
0,513,513,13,"0,6406828562","0,2862429619"
0,557,557,12,0,"0,3040750027"
0,539,539,13,"0,8101406097","0,3559868336"
0,507,507,10,"4,8313598633","0,3239798546"
0,1311,1311,13,"1,0203776726","0,6845519543"
0,1351,1351,14,"0,0834147135","0,5040149689"
0,1382,1382,14,"0,4866847992","0,5113339424"
0,1365,1365,7,"0,4866847992","0,3483998775"
0,783,783,13,"0,17675077","2,9804649353"
0,834,834,13,"1,8631453514","0,4993538857"
0,806,806,13,"0,0020319621","0,3907849789"
0,819,819,13,"1,631035438","0,3972308636"
0,856,856,13,"0,4068116275","0,3770010471"
0,861,861,15,"0,0215786525","0,4003510475"
0,863,863,15,"0,1371251424","0,3805201054"
0,877,877,14,"0,0815743038","0,4397599697"
0,873,873,13,"0,0369422219","0,3854072094"
0,846,846,13,"0,0922113419","3,3650300503"
0,873,873,14,0,"0,8360040188"
0,900,900,15,"0,3783836365","0,4260790348"
0,893,893,15,"0,7264556885","0,4892470837"
0,899,899,13,0,"0,3989038467"
0,936,936,14,0,"0,5103700161"
0,920,920,13,"0,2133159637","10,4831218719"
0,965,965,14,"0,2866710027","2,4307360649"
0,942,942,15,"5,7608495076","0,6953928471"
0,935,935,14,"0,5704834802","0,6213080883"
0,975,975,14,"0,6267478863","0,4105119705"
0,945,945,13,"0,2529842377","0,4310371876"
0,958,958,14,"0,1392052968","0,4492619038"
0,963,963,14,0,"0,5500650406"
0,976,976,13,"0,4177333832","10,2058551311"
0,1009,1009,13,"0,2012951191","10,555576086"
0,1005,1005,13,"0,2128348717","10,729820013"
0,1043,1043,14,"0,0353797277","3,0587568283"
0,1023,1023,14,0,"0,4467489719"
0,1061,1061,15,0,"0,4753489494"
0,1082,1082,14,"0,0284532819","2,6169679165"
0,1028,1028,15,"0,5688982646","0,4899690151"
0,1058,1058,14,0,"0,5587780476"
0,1061,1061,14,"0,3533814748","0,5859458447"
0,1072,1072,14,0,"0,4854660034"
0,1109,1109,16,0,"0,5012478828"
0,1102,1102,14,"0,2871862451","0,5238778591"
0,1123,1123,14,"0,1836326599","9,7761390209"
0,1098,1098,12,"4,23183918","0,384843111"
0,1092,1092,14,0,"0,5793960094"
0,1125,1125,14,"0,3219612122","1,2939910889"
0,1114,1114,14,0,"1,0572631359"
0,1125,1125,14,"0,1341619492","6,3215770721"
0,1082,1082,11,0,"0,310795784"
0,641,641,13,"2,8750960827","1,9301331043"
0,683,683,14,"0,243824592","0,3351659775"
0,665,665,13,0,"0,3423969746"
0,661,661,3,0,"0,404861927"
0,1991,1991,15,0,"0,9203128815"
0,1953,1953,16,"0,4601109823","0,9713690281"
0,1972,1972,14,"1,3449335098","0,9499559402"
0,1923,1923,14,"0,5587249756","4,0403680801"
0,1991,1991,4,"0,5587249756","0,7018430233"
0,2154,2154,15,0,"1,0506649017"
0,2143,2143,16,"4,431722641","1,1028928757"
0,2175,2175,15,0,"1,1368398666"
0,2142,2142,14,0,"1,0879480839"
0,2118,2118,3,0,"0,4389350414"
0,981,981,13,"0,1145966848","0,9816799164"
0,999,999,13,"15,2765045166","0,4649021626"
0,953,953,16,"0,2447456213","0,4565598965"
0,981,981,10,"118,0896133423","0,2932081223"
0,547,547,13,"0,0384349823","0,3125860691"
0,583,583,15,"3,4758326213","0,3868141174"
0,563,563,12,"0,2154979706","0,2885599136"
0,568,568,14,"0,3603307179","0,3096220493"
0,600,600,7,"0,3603307179","0,292910099"
0,1010,1010,15,"0,189607767","0,4250769615"
0,976,976,15,"0,3566385905","3,0618619919"
0,961,961,15,0,"0,4971292019"
0,1012,1012,14,0,"2,7362589836"
0,983,983,3,0,"0,3494150639"
0,1019,1019,15,"1,624080054","0,4568791389"
0,1002,1002,14,"1,2465286255","0,4441189766"
0,1018,1018,15,"1,4920306206","2,8631010056"
0,990,990,15,"1,3001581828","0,4453611374"
0,1004,1004,12,"80,4304897308","0,3570098877"
0,992,992,15,"0,7761441549","0,4797549248"
0,988,988,14,"0,8770513535","0,4190928936"
0,966,966,14,0,"0,4475550652"
0,971,971,9,"96,2689556122","0,3300738335"
0,836,836,13,"7,5501650297","0,4957141876"
0,830,830,15,"0,8826399583","0,4323370457"
0,818,818,14,"1,0724863325","0,366765976"
0,804,804,14,0,"0,3786540031"
0,784,784,8,0,"0,2831170559"
0,660,660,14,"0,7361456064","0,3715679646"
0,699,699,14,"0,0318082174","2,9600069523"
0,689,689,12,0,"0,3063809872"
0,672,672,13,"4,8522694906","0,5204439163"
0,746,746,14,"1,2948455811","0,3696849346"
0,787,787,13,"1,4705028534","0,516379118"
0,799,799,14,"1,2611592157","0,3540859222"
0,774,774,12,"20,2811263402","0,2958400249"
0,644,644,13,0,"0,3211710453"
0,656,656,13,"0,0970247057","0,3192420006"
0,648,648,13,"0,3098602295","0,3337368965"
0,659,659,15,"0,2100313627","12,2724370956"
0,678,678,2,"0,2100313627","0,260144949"
0,566,566,14,"0,334827847","1,5730609894"
0,576,576,13,"2,3804638202","1,1903338432"
0,504,504,12,"0,3134002686","0,2710959911"
0,474,474,13,"0,2582765059","0,2997739315"
0,516,516,7,"5,8029572169","0,2319028378"
0,454,454,12,0,"0,2648019791"
0,455,455,14,"0,0576686859","0,2796649933"
0,463,463,15,"0,4223124186","0,2917411327"
0,428,428,13,"0,1466674805","0,2767388821"
0,464,464,13,0,"0,2653841972"
0,296,296,14,0,"0,2573580742"
0,305,305,12,"0,4190597534","0,23990798"
0,284,284,12,0,"0,2452828884"
0,298,298,13,0,"0,2768409252"
0,266,266,13,"1,6050872803","3,8650500774"
0,246,246,13,"1,3220332219","0,2538759708"
0,268,268,12,"0,8909511566","0,2383010387"
0,270,270,12,"0,3573350906","0,2398099899"
0,252,252,7,"0,3573350906","0,2033839226"
0,90,90,10,"0,1347885132","0,2168591022"
0,84,84,10,"0,4812765121","0,2125151157"
0,73,73,8,"0,2379966736","0,2149469852"
0,75,75,3,"0,2379966736","0,1976070404"
0,30,30,7,"0,2379966736","0,1949739456"
0,28,28,7,"0,2379966736","0,1952540874"
0,33,33,9,"0,6537377834","0,2012319565"
0,35,35,10,"0,3870502048","0,2020521164"
0,30,30,0,"0,3870502048","0,1956510544"
0,79,79,11,"0,9903259277","0,2154488564"
0,77,77,9,"0,144834246","0,2171528339"
0,78,78,10,0,"0,215790987"
0,74,74,4,0,"0,2034699917"
0,44,44,12,"0,0301844279","0,2158339024"
0,56,56,10,"0,1351699829","0,2150528431"
0,55,55,10,0,"0,2129869461"
0,61,61,12,"0,0722236633","0,2085669041"
0,57,57,10,"3,689654541","0,2065219879"
0,70,70,12,"1,0476207733","0,2144310474"
0,73,73,12,0,"0,2137050629"
0,97,97,13,"0,422996521","0,2346360683"
0,77,77,10,"31,1355311076","0,2202279568"
0,161,161,13,"2,6684524536","2,9285159111"
0,139,139,14,"3,101109314","0,2502381802"
0,157,157,12,"2,4538701375","0,2272648811"
0,157,157,13,"2,7363011287","0,2390348911"
0,139,139,4,"2,7363011287","0,1979808807"
0,110,110,12,"0,6419785817","0,2208929062"
0,110,110,12,"0,7230669657","0,2208518982"
0,106,106,12,"0,5289175851","0,2201728821"
0,114,114,11,"5,3253472068","0,2225570679"
0,126,126,14,"1,8436470032","0,2346699238"
0,127,127,14,"1,4276708875","0,2312660217"
0,130,130,15,"0,9528503418","0,4330599308"
0,118,118,15,"10,4880447388","0,6984100342"
0,116,116,13,"15,7896141052","0,2382228374"
0,138,138,13,"0,2007239415","0,2699019909"
0,135,135,13,"0,4753936768","0,2423739433"
0,151,151,12,"0,7816364288","0,2216470242"
0,152,152,12,"0,2588108608","0,2198889256"
0,153,153,13,"9,1252646813","1,0932128429"
0,201,201,15,0,"0,2378838062"
0,173,173,13,"0,2457972935","0,2473220825"
0,179,179,14,"0,1079600198","1,7843971252"
0,171,171,12,"8,8497068617","0,2223920822"
0,145,145,14,"0,2416657668","0,2450530529"
0,140,140,13,"0,5967740146","0,3045389652"
0,137,137,13,"0,2021649679","0,2421917915"
0,127,127,14,"0,5084101359","0,6221737862"
0,143,143,8,"40,6949968338","0,2051460743"
0,35,35,8,"0,3825705392","0,2041258812"
0,37,37,9,0,"0,2022371292"
0,36,36,9,"0,2298677233","0,2008399963"
0,35,35,8,0,"0,2042460442"
0,36,36,3,0,"0,1984400749"
0,31,31,8,"0,4286079407","0,2013010979"
0,37,37,8,"0,9599520365","0,2008690834"
0,34,34,8,"0,0305476189","0,2050130367"
0,39,39,8,"1,1547099749","0,2011768818"
0,32,32,7,"1,1547099749","0,197412014"
0,39,39,9,0,"0,2024269104"
0,43,43,8,"2,0150448084","0,2039489746"
0,30,30,9,"1,7767130534","0,2015049458"
0,36,36,0,"1,7767130534","0,1998670101"
0,36,36,9,"0,5462188721","0,2040259838"
0,35,35,9,"0,44419384","0,2062849998"
0,37,37,9,"0,8496999741","0,2078688145"
0,40,40,7,"0,8496999741","0,2013301849"
0,32,32,2,"0,8496999741","0,1928420067"
0,29,29,8,"1,2368809382","0,2054510117"
0,30,30,8,"0,9715679884","0,2091641426"
0,33,33,7,"0,9715679884","0,2020258904"
0,27,27,9,"0,3534505708","0,2034649849"
0,30,30,6,"0,3534505708","0,1929171085"
0,58,58,13,"0,6953327179","0,5237448215"
0,58,58,12,"3,1480644226","0,2116529942"
0,58,58,11,"0,0385338176","0,2127020359"
0,58,58,9,"1,3717736138","0,207392931"
0,56,56,8,0,"0,2071340084"
0,82,82,10,0,"0,2246809006"
0,100,100,14,"1,836504255","0,2403800488"
0,89,89,13,"3,088532081","0,2493941784"
0,95,95,13,0,"3,0347890854"
0,97,97,13,0,"1,9104759693"
0,124,124,13,"1,565130087","0,2400300503"
0,131,131,11,"0,8514614105","0,2223670483"
0,120,120,13,"1,1706889759","0,2414069176"
0,113,113,11,"21,3271417618","0,2183470726"
0,119,119,13,"1,0820456611","0,510890007"
0,142,142,13,"0,9895714654","0,2415800095"
0,135,135,11,"3,827205658","0,2232320309"
0,127,127,11,"0,711340332","0,2250449657"
0,124,124,10,"13,9250742594","0,2197289467"
0,108,108,12,"0,1431335449","0,2197699547"
0,120,120,13,0,"0,2387609482"
0,115,115,9,"0,3134613037","0,2178559303"
0,118,118,11,"0,366394043","0,2175700665"
0,115,115,11,0,"0,2217860222"
0,105,105,11,0,"0,2191238403"
0,101,101,10,"0,3932062785","0,2174401283"
0,94,94,11,"1,7807579041","0,2183759212"
0,96,96,10,0,"0,2223238945"
0,140,140,11,"0,4092089335","0,2186439037"
0,125,125,13,"0,3965713501","0,6610209942"
0,161,161,13,"0,3805454799","0,2422630787"
0,130,130,11,"3,5882398817","0,2225940228"
0,125,125,12,0,"0,2267258167"
0,226,226,14,0,"0,2515981197"
0,227,227,12,"1,0743923187","0,2321281433"
0,219,219,12,0,"0,2317960262"
0,209,209,12,0,"0,2387619019"
0,254,254,5,0,"0,2284960747"
0,474,474,13,"1,1369438171","0,2896611691"
0,482,482,14,"0,1365674337","0,7118930817"
0,471,471,13,"0,7999420166","0,2825219631"
0,473,473,9,"41,2310972214","0,2868230343"
0,796,796,14,0,"1,3961379528"
0,788,788,14,"1,479801178","0,355547905"
0,789,789,13,"1,0469173085","0,3704409599"
0,800,800,16,"1,647694179","0,3793330193"
0,803,803,12,0,"0,3360750675"
0,924,924,13,"0,8141564263","0,3848459721"
0,854,854,13,0,"0,3925220966"
0,955,955,12,0,"0,3793799877"
0,894,894,12,0,"0,3586909771"
0,1000,1000,17,"0,1912078857","0,4411959648"
0,965,965,14,"0,1281907218","0,4296140671"
0,994,994,13,0,"0,4198141098"
0,998,998,15,"0,1064758301","0,4525969028"
0,1034,1034,13,0,"1,4537520409"
0,1002,1002,13,"0,5890668233","0,45114398"
0,1139,1139,15,"0,858684193","0,5194659233"
0,1104,1104,13,0,"0,8494169712"
0,1107,1107,14,0,"0,4547901154"
0,1154,1154,14,"0,6783042908","0,4835340977"
0,1143,1143,14,0,"0,5345439911"
0,1158,1158,14,"0,5655787332","0,9517250061"
0,1143,1143,14,"0,2731967502","0,4921610355"
0,1176,1176,13,"34,6039540768","0,6362719536"
0,1108,1108,14,0,"0,4607548714"
0,1059,1059,14,0,"0,5135240555"
0,1084,1084,14,"1,1757446636","6,2955720425"
0,1075,1075,14,"1,8153196062","2,4645590782"
0,1045,1045,13,"38,2548682473","0,4852449894"
0,899,899,14,"1,1713301341","0,7470030785"
0,924,924,13,0,"0,438215971"
0,896,896,14,"1,3383789063","0,7172358036"
0,899,899,13,0,"0,4382901192"
0,882,882,12,"52,3186569214","0,3844559193"
0,1244,1244,14,"0,2787303925","9,531512022"
0,1253,1253,14,"0,2528866855","0,517742157"
0,1264,1264,15,"0,7692581177","0,5307590961"
0,1217,1217,13,"40,8387355804","0,8588519096"
0,975,975,14,"1,3359656701","5,0132679939"
0,957,957,13,"0,8296725933","0,42847085"
0,960,960,14,0,"0,3977000713"
0,947,947,14,0,"0,4269089699"
0,958,958,11,"10579,6056818008","0,3117289543"
0,771,771,13,"1,8179672241","0,3467059135"
0,772,772,13,"1,2685241699","0,330411911"
0,743,743,12,0,"0,3134801388"
0,734,734,1,0,"0,2454869747"
0,530,530,13,"2,2072677612","0,2815730572"
0,475,475,13,"1,8730729421","0,2967960835"
0,474,474,13,0,"0,282995224"
0,484,484,14,"0,0816802979","1,5394649506"
0,425,425,7,"0,0816802979","0,2211539745"
0,285,285,12,"1,0663299561","0,2319779396"
0,261,261,12,"1,1573562622","0,2337138653"
0,253,253,13,"1,2419204712","0,2476940155"
0,239,239,0,"1,2419204712","0,1910738945"
0,57,57,12,"0,0880661011","0,2131688595"
0,57,57,11,"8,3999586105","0,2104759216"
0,50,50,13,"0,3266970317","0,2275829315"
0,59,59,11,"0,0346425374","0,2113809586"
0,57,57,9,"7,6332801819","0,2031371593"
0,75,75,11,"1,1289693659","0,2169690132"
0,91,91,12,0,"0,2188789845"
0,91,91,12,"0,6074228287","0,2180612087"
